titulo,emocionalidad
Siempre serás popular,4.795338153839111
Bienvenidos,4.757755279541016
Influencers,4.73629093170166
