autor_cat,count,mean,std,min,25%,50%,75%,max
Desconocido,5170.0,2.590074650208309,0.7641800682295615,1.1404850482940674,1.9801132678985596,2.417561650276184,3.1105372309684753,4.808804988861084
Identificado,468.0,2.7967152954676213,0.95803739057942,1.2446293830871582,1.9973399639129639,2.564669132232666,3.586544454097748,4.717843532562256
