titulo,emocionalidad
Siempre serás popular,4.717843532562256
Dueños,4.677290439605713
Reyes,4.67093563079834
