titulo,emocionalidad
Siempre serás popular,4.796454429626465
Bienvenidos,4.78402042388916
Influencers,4.755492687225342
